rsid,gene,star_allele,function,chrom,pos,ref,alt,population,sample_size,allele_frequency,alt_count,total_alleles,hom_ref,het,hom_alt,missing
rs3745274,CYP2B6,*6,decreased function,19,41512841,G,T,BEB,86,0.366279,63,172,35,39,12,0
rs3745274,CYP2B6,*6,decreased function,19,41512841,G,T,SAS,489,0.381391,373,978,190,225,74,0
rs3745274,CYP2B6,*6,decreased function,19,41512841,G,T,EUR,503,0.235586,237,1006,295,179,29,0
rs3745274,CYP2B6,*6,decreased function,19,41512841,G,T,EAS,504,0.215278,217,1008,313,165,26,0
rs3745274,CYP2B6,*6,decreased function,19,41512841,G,T,AFR,661,0.374433,495,1322,259,309,93,0
rs3745274,CYP2B6,*6,decreased function,19,41512841,G,T,AMR,347,0.373199,259,694,142,151,54,0
rs28399499,CYP2B6,*4,no function,19,41518221,T,C,BEB,86,0.0,0,172,86,0,0,0
rs28399499,CYP2B6,*4,no function,19,41518221,T,C,SAS,489,0.0,0,978,489,0,0,0
rs28399499,CYP2B6,*4,no function,19,41518221,T,C,EUR,503,0.0,0,1006,503,0,0,0
rs28399499,CYP2B6,*4,no function,19,41518221,T,C,EAS,504,0.0,0,1008,504,0,0,0
rs28399499,CYP2B6,*4,no function,19,41518221,T,C,AFR,661,0.082451,109,1322,560,93,8,0
rs28399499,CYP2B6,*4,no function,19,41518221,T,C,AMR,347,0.010086,7,694,340,7,0,0
rs12248560,CYP2C19,*17,increased function,10,96521657,C,T,BEB,86,0.110465,19,172,67,19,0,0
rs12248560,CYP2C19,*17,increased function,10,96521657,C,T,SAS,489,0.135992,133,978,368,109,12,0
rs12248560,CYP2C19,*17,increased function,10,96521657,C,T,EUR,503,0.223658,225,1006,300,181,22,0
rs12248560,CYP2C19,*17,increased function,10,96521657,C,T,EAS,504,0.014881,15,1008,489,15,0,0
rs12248560,CYP2C19,*17,increased function,10,96521657,C,T,AFR,661,0.23525,311,1322,384,243,34,0
rs12248560,CYP2C19,*17,increased function,10,96521657,C,T,AMR,347,0.119597,83,694,270,71,6,0
rs4986893,CYP2C19,*3,no function,10,96540410,G,A,BEB,86,0.023256,4,172,82,4,0,0
rs4986893,CYP2C19,*3,no function,10,96540410,G,A,SAS,489,0.01227,12,978,477,12,0,0
rs4986893,CYP2C19,*3,no function,10,96540410,G,A,EUR,503,0.0,0,1006,503,0,0,0
rs4986893,CYP2C19,*3,no function,10,96540410,G,A,EAS,504,0.055556,56,1008,449,54,1,0
rs4986893,CYP2C19,*3,no function,10,96540410,G,A,AFR,661,0.002269,3,1322,658,3,0,0
rs4986893,CYP2C19,*3,no function,10,96540410,G,A,AMR,347,0.0,0,694,347,0,0,0
rs4244285,CYP2C19,*2,no function,10,96541616,G,A,BEB,86,0.325581,56,172,40,36,10,0
rs4244285,CYP2C19,*2,no function,10,96541616,G,A,SAS,489,0.357873,350,978,213,202,74,0
rs4244285,CYP2C19,*2,no function,10,96541616,G,A,EUR,503,0.145129,146,1006,363,134,6,0
rs4244285,CYP2C19,*2,no function,10,96541616,G,A,EAS,504,0.3125,315,1008,227,239,38,0
rs4244285,CYP2C19,*2,no function,10,96541616,G,A,AFR,661,0.170197,225,1322,459,179,23,0
rs4244285,CYP2C19,*2,no function,10,96541616,G,A,AMR,347,0.105187,73,694,277,67,3,0
rs1799853,CYP2C9,*2,decreased function,10,96702047,C,T,BEB,86,0.017442,3,172,83,3,0,0
rs1799853,CYP2C9,*2,decreased function,10,96702047,C,T,SAS,489,0.034765,34,978,456,32,1,0
rs1799853,CYP2C9,*2,decreased function,10,96702047,C,T,EUR,503,0.124254,125,1006,389,103,11,0
rs1799853,CYP2C9,*2,decreased function,10,96702047,C,T,EAS,504,0.000992,1,1008,503,1,0,0
rs1799853,CYP2C9,*2,decreased function,10,96702047,C,T,AFR,661,0.008321,11,1322,650,11,0,0
rs1799853,CYP2C9,*2,decreased function,10,96702047,C,T,AMR,347,0.099424,69,694,280,65,2,0
rs1057910,CYP2C9,*3,no function,10,96741053,A,C,BEB,86,0.116279,20,172,66,20,0,0
rs1057910,CYP2C9,*3,no function,10,96741053,A,C,SAS,489,0.109407,107,978,385,101,3,0
rs1057910,CYP2C9,*3,no function,10,96741053,A,C,EUR,503,0.072565,73,1006,431,71,1,0
rs1057910,CYP2C9,*3,no function,10,96741053,A,C,EAS,504,0.03373,34,1008,471,32,1,0
rs1057910,CYP2C9,*3,no function,10,96741053,A,C,AFR,661,0.002269,3,1322,658,3,0,0
rs1057910,CYP2C9,*3,no function,10,96741053,A,C,AMR,347,0.037464,26,694,321,26,0,0
rs3892097,CYP2D6,*4,no function,22,42524947,C,T,BEB,86,0.122093,21,172,68,15,3,0
rs3892097,CYP2D6,*4,no function,22,42524947,C,T,SAS,489,0.109407,107,978,394,83,12,0
rs3892097,CYP2D6,*4,no function,22,42524947,C,T,EUR,503,0.185885,187,1006,339,141,23,0
rs3892097,CYP2D6,*4,no function,22,42524947,C,T,EAS,504,0.001984,2,1008,502,2,0,0
rs3892097,CYP2D6,*4,no function,22,42524947,C,T,AFR,661,0.060514,80,1322,589,64,8,0
rs3892097,CYP2D6,*4,no function,22,42524947,C,T,AMR,347,0.129683,90,694,267,70,10,0
rs1065852,CYP2D6,*10,decreased function,22,42526694,G,A,BEB,86,0.255814,44,172,51,26,9,0
rs1065852,CYP2D6,*10,decreased function,22,42526694,G,A,SAS,489,0.164622,161,978,347,123,19,0
rs1065852,CYP2D6,*10,decreased function,22,42526694,G,A,EUR,503,0.201789,203,1006,325,153,25,0
rs1065852,CYP2D6,*10,decreased function,22,42526694,G,A,EAS,504,0.571429,576,1008,107,218,179,0
rs1065852,CYP2D6,*10,decreased function,22,42526694,G,A,AFR,661,0.112708,149,1322,529,115,17,0
rs1065852,CYP2D6,*10,decreased function,22,42526694,G,A,AMR,347,0.148415,103,694,259,73,15,0
rs776746,CYP3A5,*3,no function,7,99270539,C,T,BEB,86,0.366279,63,172,35,39,12,0
rs776746,CYP3A5,*3,no function,7,99270539,C,T,SAS,489,0.332311,325,978,223,207,59,0
rs776746,CYP3A5,*3,no function,7,99270539,C,T,EUR,503,0.05666,57,1006,448,53,2,0
rs776746,CYP3A5,*3,no function,7,99270539,C,T,EAS,504,0.286706,289,1008,255,209,40,0
rs776746,CYP3A5,*3,no function,7,99270539,C,T,AFR,661,0.81997,1084,1322,24,190,447,0
rs776746,CYP3A5,*3,no function,7,99270539,C,T,AMR,347,0.20317,141,694,226,101,20,0
rs2242480,CYP3A4,*22,decreased function,7,99361466,C,T,BEB,86,0.372093,64,172,36,36,14,0
rs2242480,CYP3A4,*22,decreased function,7,99361466,C,T,SAS,489,0.371166,363,978,199,217,73,0
rs2242480,CYP3A4,*22,decreased function,7,99361466,C,T,EUR,503,0.081511,82,1006,426,72,5,0
rs2242480,CYP3A4,*22,decreased function,7,99361466,C,T,EAS,504,0.267857,270,1008,269,200,35,0
rs2242480,CYP3A4,*22,decreased function,7,99361466,C,T,AFR,661,0.850227,1124,1322,16,166,479,0
rs2242480,CYP3A4,*22,decreased function,7,99361466,C,T,AMR,347,0.393372,273,694,137,147,63,0
rs2108622,CYP4F2,*3,decreased function,19,15990431,C,T,BEB,86,0.412791,71,172,29,43,14,0
rs2108622,CYP4F2,*3,decreased function,19,15990431,C,T,SAS,489,0.413088,404,978,174,226,89,0
rs2108622,CYP4F2,*3,decreased function,19,15990431,C,T,EUR,503,0.290258,292,1006,261,192,50,0
rs2108622,CYP4F2,*3,decreased function,19,15990431,C,T,EAS,504,0.214286,216,1008,315,162,27,0
rs2108622,CYP4F2,*3,decreased function,19,15990431,C,T,AFR,661,0.082451,109,1322,559,95,7,0
rs2108622,CYP4F2,*3,decreased function,19,15990431,C,T,AMR,347,0.237752,165,694,201,127,19,0
rs67376798,DPYD,c.2846A>T,decreased function,1,97547947,T,A,BEB,86,0.0,0,172,86,0,0,0
rs67376798,DPYD,c.2846A>T,decreased function,1,97547947,T,A,SAS,489,0.001022,1,978,488,1,0,0
rs67376798,DPYD,c.2846A>T,decreased function,1,97547947,T,A,EUR,503,0.006958,7,1006,496,7,0,0
rs67376798,DPYD,c.2846A>T,decreased function,1,97547947,T,A,EAS,504,0.0,0,1008,504,0,0,0
rs67376798,DPYD,c.2846A>T,decreased function,1,97547947,T,A,AFR,661,0.000756,1,1322,660,1,0,0
rs67376798,DPYD,c.2846A>T,decreased function,1,97547947,T,A,AMR,347,0.002882,2,694,345,2,0,0
rs1801265,DPYD,*2A,no function,1,98348885,G,A,BEB,86,0.80814,139,172,2,29,55,0
rs1801265,DPYD,*2A,no function,1,98348885,G,A,SAS,489,0.734151,718,978,28,204,257,0
rs1801265,DPYD,*2A,no function,1,98348885,G,A,EUR,503,0.785288,790,1006,23,170,310,0
rs1801265,DPYD,*2A,no function,1,98348885,G,A,EAS,504,0.91369,921,1008,5,77,422,0
rs1801265,DPYD,*2A,no function,1,98348885,G,A,AFR,661,0.558245,738,1322,129,326,206,0
rs1801265,DPYD,*2A,no function,1,98348885,G,A,AMR,347,0.775216,538,694,17,122,208,0
rs6025,F5,Leiden,thrombophilia,1,169519049,T,C,BEB,86,0.982558,169,172,0,3,83,0
rs6025,F5,Leiden,thrombophilia,1,169519049,T,C,SAS,489,0.988753,967,978,0,11,478,0
rs6025,F5,Leiden,thrombophilia,1,169519049,T,C,EUR,503,0.988072,994,1006,1,10,492,0
rs6025,F5,Leiden,thrombophilia,1,169519049,T,C,EAS,504,1.0,1008,1008,0,0,504,0
rs6025,F5,Leiden,thrombophilia,1,169519049,T,C,AFR,661,1.0,1322,1322,0,0,661,0
rs6025,F5,Leiden,thrombophilia,1,169519049,T,C,AMR,347,0.989914,687,694,0,7,340,0
rs1050829,G6PD,Mediterranean,no function,X,153763492,T,C,BEB,86,0.244186,42,172,44,42,0,0
rs1050829,G6PD,Mediterranean,no function,X,153763492,T,C,SAS,489,0.265849,260,978,229,260,0,0
rs1050829,G6PD,Mediterranean,no function,X,153763492,T,C,EUR,503,0.241551,243,1006,261,241,1,0
rs1050829,G6PD,Mediterranean,no function,X,153763492,T,C,EAS,504,0.242063,244,1008,260,244,0,0
rs1050829,G6PD,Mediterranean,no function,X,153763492,T,C,AFR,661,0.497731,658,1322,147,370,144,0
rs1050829,G6PD,Mediterranean,no function,X,153763492,T,C,AMR,347,0.266571,185,694,165,179,3,0
rs1050828,G6PD,A-,decreased function,X,153764217,C,T,BEB,86,0.244186,42,172,44,42,0,0
rs1050828,G6PD,A-,decreased function,X,153764217,C,T,SAS,489,0.265849,260,978,229,260,0,0
rs1050828,G6PD,A-,decreased function,X,153764217,C,T,EUR,503,0.238569,240,1006,263,240,0,0
rs1050828,G6PD,A-,decreased function,X,153764217,C,T,EAS,504,0.242063,244,1008,260,244,0,0
rs1050828,G6PD,A-,decreased function,X,153764217,C,T,AFR,661,0.343419,454,1322,256,356,49,0
rs1050828,G6PD,A-,decreased function,X,153764217,C,T,AMR,347,0.255043,177,694,171,175,1,0
rs1801131,MTHFR,A1298C,decreased function,1,11854476,T,G,BEB,86,0.412791,71,172,29,43,14,0
rs1801131,MTHFR,A1298C,decreased function,1,11854476,T,G,SAS,489,0.417178,408,978,166,238,85,0
rs1801131,MTHFR,A1298C,decreased function,1,11854476,T,G,EUR,503,0.313121,315,1006,239,213,51,0
rs1801131,MTHFR,A1298C,decreased function,1,11854476,T,G,EAS,504,0.219246,221,1008,302,183,19,0
rs1801131,MTHFR,A1298C,decreased function,1,11854476,T,G,AFR,661,0.151286,200,1322,478,166,17,0
rs1801131,MTHFR,A1298C,decreased function,1,11854476,T,G,AMR,347,0.151297,105,694,250,89,8,0
rs1801133,MTHFR,C677T,decreased function,1,11856378,G,A,BEB,86,0.122093,21,172,65,21,0,0
rs1801133,MTHFR,C677T,decreased function,1,11856378,G,A,SAS,489,0.118609,116,978,377,108,4,0
rs1801133,MTHFR,C677T,decreased function,1,11856378,G,A,EUR,503,0.364811,367,1006,204,231,68,0
rs1801133,MTHFR,C677T,decreased function,1,11856378,G,A,EAS,504,0.295635,298,1008,259,192,53,0
rs1801133,MTHFR,C677T,decreased function,1,11856378,G,A,AFR,661,0.090015,119,1322,549,105,7,0
rs1801133,MTHFR,C677T,decreased function,1,11856378,G,A,AMR,347,0.474063,329,694,91,183,73,0
rs2306283,SLCO1B1,*1B,decreased function,12,21329738,A,G,BEB,86,0.563953,97,172,19,37,30,0
rs2306283,SLCO1B1,*1B,decreased function,12,21329738,A,G,SAS,489,0.547035,535,978,109,225,155,0
rs2306283,SLCO1B1,*1B,decreased function,12,21329738,A,G,EUR,503,0.402584,405,1006,173,255,75,0
rs2306283,SLCO1B1,*1B,decreased function,12,21329738,A,G,EAS,504,0.761905,768,1008,30,180,294,0
rs2306283,SLCO1B1,*1B,decreased function,12,21329738,A,G,AFR,661,0.8177,1081,1322,24,193,444,0
rs2306283,SLCO1B1,*1B,decreased function,12,21329738,A,G,AMR,347,0.472622,328,694,102,162,83,0
rs4149056,SLCO1B1,*5,decreased function,12,21331549,T,C,BEB,86,0.052326,9,172,77,9,0,0
rs4149056,SLCO1B1,*5,decreased function,12,21331549,T,C,SAS,489,0.042945,42,978,449,38,2,0
rs4149056,SLCO1B1,*5,decreased function,12,21331549,T,C,EUR,503,0.161034,162,1006,351,142,10,0
rs4149056,SLCO1B1,*5,decreased function,12,21331549,T,C,EAS,504,0.123016,124,1008,390,104,10,0
rs4149056,SLCO1B1,*5,decreased function,12,21331549,T,C,AFR,661,0.013616,18,1322,644,16,1,0
rs4149056,SLCO1B1,*5,decreased function,12,21331549,T,C,AMR,347,0.134006,93,694,260,81,6,0
rs1142345,TPMT,*3C,no function,6,18130918,T,C,BEB,86,0.02907,5,172,81,5,0,0
rs1142345,TPMT,*3C,no function,6,18130918,T,C,SAS,489,0.017382,17,978,472,17,0,0
rs1142345,TPMT,*3C,no function,6,18130918,T,C,EUR,503,0.028827,29,1006,474,29,0,0
rs1142345,TPMT,*3C,no function,6,18130918,T,C,EAS,504,0.021825,22,1008,482,22,0,0
rs1142345,TPMT,*3C,no function,6,18130918,T,C,AFR,661,0.066566,88,1322,579,76,6,0
rs1142345,TPMT,*3C,no function,6,18130918,T,C,AMR,347,0.057637,40,694,309,36,2,0
rs1800460,TPMT,*3A,no function,6,18139228,C,T,BEB,86,0.017442,3,172,83,3,0,0
rs1800460,TPMT,*3A,no function,6,18139228,C,T,SAS,489,0.00409,4,978,485,4,0,0
rs1800460,TPMT,*3A,no function,6,18139228,C,T,EUR,503,0.027833,28,1006,475,28,0,0
rs1800460,TPMT,*3A,no function,6,18139228,C,T,EAS,504,0.0,0,1008,504,0,0,0
rs1800460,TPMT,*3A,no function,6,18139228,C,T,AFR,661,0.003026,4,1322,657,4,0,0
rs1800460,TPMT,*3A,no function,6,18139228,C,T,AMR,347,0.040346,28,694,320,26,1,0
rs1800462,TPMT,*2,no function,6,18143955,C,G,BEB,86,0.0,0,172,86,0,0,0
rs1800462,TPMT,*2,no function,6,18143955,C,G,SAS,489,0.0,0,978,489,0,0,0
rs1800462,TPMT,*2,no function,6,18143955,C,G,EUR,503,0.005964,6,1006,497,6,0,0
rs1800462,TPMT,*2,no function,6,18143955,C,G,EAS,504,0.0,0,1008,504,0,0,0
rs1800462,TPMT,*2,no function,6,18143955,C,G,AFR,661,0.000756,1,1322,660,1,0,0
rs1800462,TPMT,*2,no function,6,18143955,C,G,AMR,347,0.005764,4,694,343,4,0,0
rs7294,VKORC1,2255C>T,sensitivity,16,31102321,C,T,BEB,86,0.784884,135,172,4,29,53,0
rs7294,VKORC1,2255C>T,sensitivity,16,31102321,C,T,SAS,489,0.758691,742,978,30,176,283,0
rs7294,VKORC1,2255C>T,sensitivity,16,31102321,C,T,EUR,503,0.365805,368,1006,203,232,68,0
rs7294,VKORC1,2255C>T,sensitivity,16,31102321,C,T,EAS,504,0.112103,113,1008,400,95,9,0
rs7294,VKORC1,2255C>T,sensitivity,16,31102321,C,T,AFR,661,0.453858,600,1322,193,336,132,0
rs7294,VKORC1,2255C>T,sensitivity,16,31102321,C,T,AMR,347,0.402017,279,694,130,155,62,0
rs9934438,VKORC1,1542G>C,sensitivity,16,31104878,G,A,BEB,86,0.156977,27,172,60,25,1,0
rs9934438,VKORC1,1542G>C,sensitivity,16,31104878,G,A,SAS,489,0.145194,142,978,359,118,12,0
rs9934438,VKORC1,1542G>C,sensitivity,16,31104878,G,A,EUR,503,0.387674,390,1006,192,232,79,0
rs9934438,VKORC1,1542G>C,sensitivity,16,31104878,G,A,EAS,504,0.884921,892,1008,9,98,397,0
rs9934438,VKORC1,1542G>C,sensitivity,16,31104878,G,A,AFR,661,0.054463,72,1322,592,66,3,0
rs9934438,VKORC1,1542G>C,sensitivity,16,31104878,G,A,AMR,347,0.412104,286,694,122,164,61,0
rs9923231,VKORC1,-1639G>A,sensitivity,16,31107689,C,T,BEB,86,0.156977,27,172,60,25,1,0
rs9923231,VKORC1,-1639G>A,sensitivity,16,31107689,C,T,SAS,489,0.145194,142,978,359,118,12,0
rs9923231,VKORC1,-1639G>A,sensitivity,16,31107689,C,T,EUR,503,0.387674,390,1006,192,232,79,0
rs9923231,VKORC1,-1639G>A,sensitivity,16,31107689,C,T,EAS,504,0.884921,892,1008,9,98,397,0
rs9923231,VKORC1,-1639G>A,sensitivity,16,31107689,C,T,AFR,661,0.054463,72,1322,592,66,3,0
rs9923231,VKORC1,-1639G>A,sensitivity,16,31107689,C,T,AMR,347,0.410663,285,694,122,165,60,0
