rsid,gene,star_allele,function,chrom,pos,ref_allele,alt_allele,pgx_allele,pgx_allele_orientation,population,sample_size,pgx_allele_frequency,hom_ref,het,hom_alt
rs3892097,CYP2D6,*4,no function,22,42524947,C,T,T,ALT,BEB,86,0.122093,68,15,3
rs3892097,CYP2D6,*4,no function,22,42524947,C,T,T,ALT,SAS,489,0.109407,394,83,12
rs3892097,CYP2D6,*4,no function,22,42524947,C,T,T,ALT,EUR,503,0.185885,339,141,23
rs3892097,CYP2D6,*4,no function,22,42524947,C,T,T,ALT,EAS,504,0.001984,502,2,0
rs3892097,CYP2D6,*4,no function,22,42524947,C,T,T,ALT,AFR,661,0.060514,589,64,8
rs3892097,CYP2D6,*4,no function,22,42524947,C,T,T,ALT,AMR,347,0.129683,267,70,10
rs1065852,CYP2D6,*10,decreased function,22,42526694,G,A,A,ALT,BEB,86,0.255814,51,26,9
rs1065852,CYP2D6,*10,decreased function,22,42526694,G,A,A,ALT,SAS,489,0.164622,347,123,19
rs1065852,CYP2D6,*10,decreased function,22,42526694,G,A,A,ALT,EUR,503,0.201789,325,153,25
rs1065852,CYP2D6,*10,decreased function,22,42526694,G,A,A,ALT,EAS,504,0.571429,107,218,179
rs1065852,CYP2D6,*10,decreased function,22,42526694,G,A,A,ALT,AFR,661,0.112708,529,115,17
rs1065852,CYP2D6,*10,decreased function,22,42526694,G,A,A,ALT,AMR,347,0.148415,259,73,15
rs4244285,CYP2C19,*2,no function,10,96541616,G,A,A,ALT,BEB,86,0.325581,40,36,10
rs4244285,CYP2C19,*2,no function,10,96541616,G,A,A,ALT,SAS,489,0.357873,213,202,74
rs4244285,CYP2C19,*2,no function,10,96541616,G,A,A,ALT,EUR,503,0.145129,363,134,6
rs4244285,CYP2C19,*2,no function,10,96541616,G,A,A,ALT,EAS,504,0.3125,227,239,38
rs4244285,CYP2C19,*2,no function,10,96541616,G,A,A,ALT,AFR,661,0.170197,459,179,23
rs4244285,CYP2C19,*2,no function,10,96541616,G,A,A,ALT,AMR,347,0.105187,277,67,3
rs12248560,CYP2C19,*17,increased function,10,96521657,C,T,T,ALT,BEB,86,0.110465,67,19,0
rs12248560,CYP2C19,*17,increased function,10,96521657,C,T,T,ALT,SAS,489,0.135992,368,109,12
rs12248560,CYP2C19,*17,increased function,10,96521657,C,T,T,ALT,EUR,503,0.223658,300,181,22
rs12248560,CYP2C19,*17,increased function,10,96521657,C,T,T,ALT,EAS,504,0.014881,489,15,0
rs12248560,CYP2C19,*17,increased function,10,96521657,C,T,T,ALT,AFR,661,0.23525,384,243,34
rs12248560,CYP2C19,*17,increased function,10,96521657,C,T,T,ALT,AMR,347,0.119597,270,71,6
rs1799853,CYP2C9,*2,decreased function,10,96702047,C,T,T,ALT,BEB,86,0.017442,83,3,0
rs1799853,CYP2C9,*2,decreased function,10,96702047,C,T,T,ALT,SAS,489,0.034765,456,32,1
rs1799853,CYP2C9,*2,decreased function,10,96702047,C,T,T,ALT,EUR,503,0.124254,389,103,11
rs1799853,CYP2C9,*2,decreased function,10,96702047,C,T,T,ALT,EAS,504,0.000992,503,1,0
rs1799853,CYP2C9,*2,decreased function,10,96702047,C,T,T,ALT,AFR,661,0.008321,650,11,0
rs1799853,CYP2C9,*2,decreased function,10,96702047,C,T,T,ALT,AMR,347,0.099424,280,65,2
rs1057910,CYP2C9,*3,no function,10,96741053,A,C,C,ALT,BEB,86,0.116279,66,20,0
rs1057910,CYP2C9,*3,no function,10,96741053,A,C,C,ALT,SAS,489,0.109407,385,101,3
rs1057910,CYP2C9,*3,no function,10,96741053,A,C,C,ALT,EUR,503,0.072565,431,71,1
rs1057910,CYP2C9,*3,no function,10,96741053,A,C,C,ALT,EAS,504,0.03373,471,32,1
rs1057910,CYP2C9,*3,no function,10,96741053,A,C,C,ALT,AFR,661,0.002269,658,3,0
rs1057910,CYP2C9,*3,no function,10,96741053,A,C,C,ALT,AMR,347,0.037464,321,26,0
rs9923231,VKORC1,-1639G>A,sensitivity,16,31107689,C,T,T,ALT,BEB,86,0.156977,60,25,1
rs9923231,VKORC1,-1639G>A,sensitivity,16,31107689,C,T,T,ALT,SAS,489,0.145194,359,118,12
rs9923231,VKORC1,-1639G>A,sensitivity,16,31107689,C,T,T,ALT,EUR,503,0.387674,192,232,79
rs9923231,VKORC1,-1639G>A,sensitivity,16,31107689,C,T,T,ALT,EAS,504,0.884921,9,98,397
rs9923231,VKORC1,-1639G>A,sensitivity,16,31107689,C,T,T,ALT,AFR,661,0.054463,592,66,3
rs9923231,VKORC1,-1639G>A,sensitivity,16,31107689,C,T,T,ALT,AMR,347,0.410663,122,165,60
rs776746,CYP3A5,*3,no function,7,99270539,C,T,T,ALT,BEB,86,0.366279,35,39,12
rs776746,CYP3A5,*3,no function,7,99270539,C,T,T,ALT,SAS,489,0.332311,223,207,59
rs776746,CYP3A5,*3,no function,7,99270539,C,T,T,ALT,EUR,503,0.05666,448,53,2
rs776746,CYP3A5,*3,no function,7,99270539,C,T,T,ALT,EAS,504,0.286706,255,209,40
rs776746,CYP3A5,*3,no function,7,99270539,C,T,T,ALT,AFR,661,0.81997,24,190,447
rs776746,CYP3A5,*3,no function,7,99270539,C,T,T,ALT,AMR,347,0.20317,226,101,20
rs1800462,TPMT,*2,no function,6,18143955,C,G,G,ALT,BEB,86,0.0,86,0,0
rs1800462,TPMT,*2,no function,6,18143955,C,G,G,ALT,SAS,489,0.0,489,0,0
rs1800462,TPMT,*2,no function,6,18143955,C,G,G,ALT,EUR,503,0.005964,497,6,0
rs1800462,TPMT,*2,no function,6,18143955,C,G,G,ALT,EAS,504,0.0,504,0,0
rs1800462,TPMT,*2,no function,6,18143955,C,G,G,ALT,AFR,661,0.000756,660,1,0
rs1800462,TPMT,*2,no function,6,18143955,C,G,G,ALT,AMR,347,0.005764,343,4,0
rs1800460,TPMT,*3A,no function,6,18139228,C,T,T,ALT,BEB,86,0.017442,83,3,0
rs1800460,TPMT,*3A,no function,6,18139228,C,T,T,ALT,SAS,489,0.00409,485,4,0
rs1800460,TPMT,*3A,no function,6,18139228,C,T,T,ALT,EUR,503,0.027833,475,28,0
rs1800460,TPMT,*3A,no function,6,18139228,C,T,T,ALT,EAS,504,0.0,504,0,0
rs1800460,TPMT,*3A,no function,6,18139228,C,T,T,ALT,AFR,661,0.003026,657,4,0
rs1800460,TPMT,*3A,no function,6,18139228,C,T,T,ALT,AMR,347,0.040346,320,26,1
rs1142345,TPMT,*3C,no function,6,18130918,T,C,C,ALT,BEB,86,0.02907,81,5,0
rs1142345,TPMT,*3C,no function,6,18130918,T,C,C,ALT,SAS,489,0.017382,472,17,0
rs1142345,TPMT,*3C,no function,6,18130918,T,C,C,ALT,EUR,503,0.028827,474,29,0
rs1142345,TPMT,*3C,no function,6,18130918,T,C,C,ALT,EAS,504,0.021825,482,22,0
rs1142345,TPMT,*3C,no function,6,18130918,T,C,C,ALT,AFR,661,0.066566,579,76,6
rs1142345,TPMT,*3C,no function,6,18130918,T,C,C,ALT,AMR,347,0.057637,309,36,2
rs4149056,SLCO1B1,*5,decreased function,12,21331549,T,C,C,ALT,BEB,86,0.052326,77,9,0
rs4149056,SLCO1B1,*5,decreased function,12,21331549,T,C,C,ALT,SAS,489,0.042945,449,38,2
rs4149056,SLCO1B1,*5,decreased function,12,21331549,T,C,C,ALT,EUR,503,0.161034,351,142,10
rs4149056,SLCO1B1,*5,decreased function,12,21331549,T,C,C,ALT,EAS,504,0.123016,390,104,10
rs4149056,SLCO1B1,*5,decreased function,12,21331549,T,C,C,ALT,AFR,661,0.013616,644,16,1
rs4149056,SLCO1B1,*5,decreased function,12,21331549,T,C,C,ALT,AMR,347,0.134006,260,81,6
rs2306283,SLCO1B1,*1B,decreased function,12,21329738,A,G,G,ALT,BEB,86,0.563953,19,37,30
rs2306283,SLCO1B1,*1B,decreased function,12,21329738,A,G,G,ALT,SAS,489,0.547035,109,225,155
rs2306283,SLCO1B1,*1B,decreased function,12,21329738,A,G,G,ALT,EUR,503,0.402584,173,255,75
rs2306283,SLCO1B1,*1B,decreased function,12,21329738,A,G,G,ALT,EAS,504,0.761905,30,180,294
rs2306283,SLCO1B1,*1B,decreased function,12,21329738,A,G,G,ALT,AFR,661,0.8177,24,193,444
rs2306283,SLCO1B1,*1B,decreased function,12,21329738,A,G,G,ALT,AMR,347,0.472622,102,162,83
rs3745274,CYP2B6,*6,decreased function,19,41512841,G,T,T,ALT,BEB,86,0.366279,35,39,12
rs3745274,CYP2B6,*6,decreased function,19,41512841,G,T,T,ALT,SAS,489,0.381391,190,225,74
rs3745274,CYP2B6,*6,decreased function,19,41512841,G,T,T,ALT,EUR,503,0.235586,295,179,29
rs3745274,CYP2B6,*6,decreased function,19,41512841,G,T,T,ALT,EAS,504,0.215278,313,165,26
rs3745274,CYP2B6,*6,decreased function,19,41512841,G,T,T,ALT,AFR,661,0.374433,259,309,93
rs3745274,CYP2B6,*6,decreased function,19,41512841,G,T,T,ALT,AMR,347,0.373199,142,151,54
rs2108622,CYP4F2,*3,decreased function,19,15990431,C,T,T,ALT,BEB,86,0.412791,29,43,14
rs2108622,CYP4F2,*3,decreased function,19,15990431,C,T,T,ALT,SAS,489,0.413088,174,226,89
rs2108622,CYP4F2,*3,decreased function,19,15990431,C,T,T,ALT,EUR,503,0.290258,261,192,50
rs2108622,CYP4F2,*3,decreased function,19,15990431,C,T,T,ALT,EAS,504,0.214286,315,162,27
rs2108622,CYP4F2,*3,decreased function,19,15990431,C,T,T,ALT,AFR,661,0.082451,559,95,7
rs2108622,CYP4F2,*3,decreased function,19,15990431,C,T,T,ALT,AMR,347,0.237752,201,127,19
rs1801133,MTHFR,C677T,decreased function,1,11856378,G,A,A,ALT,BEB,86,0.122093,65,21,0
rs1801133,MTHFR,C677T,decreased function,1,11856378,G,A,A,ALT,SAS,489,0.118609,377,108,4
rs1801133,MTHFR,C677T,decreased function,1,11856378,G,A,A,ALT,EUR,503,0.364811,204,231,68
rs1801133,MTHFR,C677T,decreased function,1,11856378,G,A,A,ALT,EAS,504,0.295635,259,192,53
rs1801133,MTHFR,C677T,decreased function,1,11856378,G,A,A,ALT,AFR,661,0.090015,549,105,7
rs1801133,MTHFR,C677T,decreased function,1,11856378,G,A,A,ALT,AMR,347,0.474063,91,183,73
rs1801131,MTHFR,A1298C,decreased function,1,11854476,T,G,G,ALT,BEB,86,0.412791,29,43,14
rs1801131,MTHFR,A1298C,decreased function,1,11854476,T,G,G,ALT,SAS,489,0.417178,166,238,85
rs1801131,MTHFR,A1298C,decreased function,1,11854476,T,G,G,ALT,EUR,503,0.313121,239,213,51
rs1801131,MTHFR,A1298C,decreased function,1,11854476,T,G,G,ALT,EAS,504,0.219246,302,183,19
rs1801131,MTHFR,A1298C,decreased function,1,11854476,T,G,G,ALT,AFR,661,0.151286,478,166,17
rs1801131,MTHFR,A1298C,decreased function,1,11854476,T,G,G,ALT,AMR,347,0.151297,250,89,8
rs6025,F5,Leiden,thrombophilia,1,169519049,T,C,T,REF,BEB,86,0.017442,0,3,83
rs6025,F5,Leiden,thrombophilia,1,169519049,T,C,T,REF,SAS,489,0.011247,0,11,478
rs6025,F5,Leiden,thrombophilia,1,169519049,T,C,T,REF,EUR,503,0.011928,1,10,492
rs6025,F5,Leiden,thrombophilia,1,169519049,T,C,T,REF,EAS,504,0.0,0,0,504
rs6025,F5,Leiden,thrombophilia,1,169519049,T,C,T,REF,AFR,661,0.0,0,0,661
rs6025,F5,Leiden,thrombophilia,1,169519049,T,C,T,REF,AMR,347,0.010086,0,7,340
rs1050828,G6PD,A-,decreased function,X,153764217,C,T,T,ALT,BEB,86,0.244186,44,42,0
rs1050828,G6PD,A-,decreased function,X,153764217,C,T,T,ALT,SAS,489,0.265849,229,260,0
rs1050828,G6PD,A-,decreased function,X,153764217,C,T,T,ALT,EUR,503,0.238569,263,240,0
rs1050828,G6PD,A-,decreased function,X,153764217,C,T,T,ALT,EAS,504,0.242063,260,244,0
rs1050828,G6PD,A-,decreased function,X,153764217,C,T,T,ALT,AFR,661,0.343419,256,356,49
rs1050828,G6PD,A-,decreased function,X,153764217,C,T,T,ALT,AMR,347,0.255043,171,175,1
rs1050829,G6PD,Mediterranean,no function,X,153763492,T,C,C,ALT,BEB,86,0.244186,44,42,0
rs1050829,G6PD,Mediterranean,no function,X,153763492,T,C,C,ALT,SAS,489,0.265849,229,260,0
rs1050829,G6PD,Mediterranean,no function,X,153763492,T,C,C,ALT,EUR,503,0.241551,261,241,1
rs1050829,G6PD,Mediterranean,no function,X,153763492,T,C,C,ALT,EAS,504,0.242063,260,244,0
rs1050829,G6PD,Mediterranean,no function,X,153763492,T,C,C,ALT,AFR,661,0.497731,147,370,144
rs1050829,G6PD,Mediterranean,no function,X,153763492,T,C,C,ALT,AMR,347,0.266571,165,179,3
rs2242480,CYP3A4,*22,decreased function,7,99361466,C,T,T,ALT,BEB,86,0.372093,36,36,14
rs2242480,CYP3A4,*22,decreased function,7,99361466,C,T,T,ALT,SAS,489,0.371166,199,217,73
rs2242480,CYP3A4,*22,decreased function,7,99361466,C,T,T,ALT,EUR,503,0.081511,426,72,5
rs2242480,CYP3A4,*22,decreased function,7,99361466,C,T,T,ALT,EAS,504,0.267857,269,200,35
rs2242480,CYP3A4,*22,decreased function,7,99361466,C,T,T,ALT,AFR,661,0.850227,16,166,479
rs2242480,CYP3A4,*22,decreased function,7,99361466,C,T,T,ALT,AMR,347,0.393372,137,147,63
rs4986893,CYP2C19,*3,no function,10,96540410,G,A,A,ALT,BEB,86,0.023256,82,4,0
rs4986893,CYP2C19,*3,no function,10,96540410,G,A,A,ALT,SAS,489,0.01227,477,12,0
rs4986893,CYP2C19,*3,no function,10,96540410,G,A,A,ALT,EUR,503,0.0,503,0,0
rs4986893,CYP2C19,*3,no function,10,96540410,G,A,A,ALT,EAS,504,0.055556,449,54,1
rs4986893,CYP2C19,*3,no function,10,96540410,G,A,A,ALT,AFR,661,0.002269,658,3,0
rs4986893,CYP2C19,*3,no function,10,96540410,G,A,A,ALT,AMR,347,0.0,347,0,0
rs7294,VKORC1,2255C>T,sensitivity,16,31102321,C,T,T,ALT,BEB,86,0.784884,4,29,53
rs7294,VKORC1,2255C>T,sensitivity,16,31102321,C,T,T,ALT,SAS,489,0.758691,30,176,283
rs7294,VKORC1,2255C>T,sensitivity,16,31102321,C,T,T,ALT,EUR,503,0.365805,203,232,68
rs7294,VKORC1,2255C>T,sensitivity,16,31102321,C,T,T,ALT,EAS,504,0.112103,400,95,9
rs7294,VKORC1,2255C>T,sensitivity,16,31102321,C,T,T,ALT,AFR,661,0.453858,193,336,132
rs7294,VKORC1,2255C>T,sensitivity,16,31102321,C,T,T,ALT,AMR,347,0.402017,130,155,62
rs9934438,VKORC1,1542G>C,sensitivity,16,31104878,G,A,A,ALT,BEB,86,0.156977,60,25,1
rs9934438,VKORC1,1542G>C,sensitivity,16,31104878,G,A,A,ALT,SAS,489,0.145194,359,118,12
rs9934438,VKORC1,1542G>C,sensitivity,16,31104878,G,A,A,ALT,EUR,503,0.387674,192,232,79
rs9934438,VKORC1,1542G>C,sensitivity,16,31104878,G,A,A,ALT,EAS,504,0.884921,9,98,397
rs9934438,VKORC1,1542G>C,sensitivity,16,31104878,G,A,A,ALT,AFR,661,0.054463,592,66,3
rs9934438,VKORC1,1542G>C,sensitivity,16,31104878,G,A,A,ALT,AMR,347,0.412104,122,164,61
rs28399499,CYP2B6,*4,no function,19,41518221,T,C,C,ALT,BEB,86,0.0,86,0,0
rs28399499,CYP2B6,*4,no function,19,41518221,T,C,C,ALT,SAS,489,0.0,489,0,0
rs28399499,CYP2B6,*4,no function,19,41518221,T,C,C,ALT,EUR,503,0.0,503,0,0
rs28399499,CYP2B6,*4,no function,19,41518221,T,C,C,ALT,EAS,504,0.0,504,0,0
rs28399499,CYP2B6,*4,no function,19,41518221,T,C,C,ALT,AFR,661,0.082451,560,93,8
rs28399499,CYP2B6,*4,no function,19,41518221,T,C,C,ALT,AMR,347,0.010086,340,7,0
rs1801265,DPYD,rs1801265 (not *2A),no function,1,98348885,G,A,G,REF,BEB,86,0.19186,2,29,55
rs1801265,DPYD,rs1801265 (not *2A),no function,1,98348885,G,A,G,REF,SAS,489,0.265849,28,204,257
rs1801265,DPYD,rs1801265 (not *2A),no function,1,98348885,G,A,G,REF,EUR,503,0.214712,23,170,310
rs1801265,DPYD,rs1801265 (not *2A),no function,1,98348885,G,A,G,REF,EAS,504,0.08631,5,77,422
rs1801265,DPYD,rs1801265 (not *2A),no function,1,98348885,G,A,G,REF,AFR,661,0.441755,129,326,206
rs1801265,DPYD,rs1801265 (not *2A),no function,1,98348885,G,A,G,REF,AMR,347,0.224784,17,122,208
rs67376798,DPYD,c.2846A>T,decreased function,1,97547947,T,A,A,ALT,BEB,86,0.0,86,0,0
rs67376798,DPYD,c.2846A>T,decreased function,1,97547947,T,A,A,ALT,SAS,489,0.001022,488,1,0
rs67376798,DPYD,c.2846A>T,decreased function,1,97547947,T,A,A,ALT,EUR,503,0.006958,496,7,0
rs67376798,DPYD,c.2846A>T,decreased function,1,97547947,T,A,A,ALT,EAS,504,0.0,504,0,0
rs67376798,DPYD,c.2846A>T,decreased function,1,97547947,T,A,A,ALT,AFR,661,0.000756,660,1,0
rs67376798,DPYD,c.2846A>T,decreased function,1,97547947,T,A,A,ALT,AMR,347,0.002882,345,2,0
