rsid,gene,star_allele,function,chrom,pos,ref_allele,alt_allele,pgx_allele,pgx_allele_orientation,population,sample_size,pgx_allele_frequency,hom_ref,het,hom_alt,total_alleles,alt_count,confidence_interval,notes
rs1801131,MTHFR,A1298C,decreased function,1,11854476,T,G,G,ALT,BEB,86,0.412791,29,43,14,172,71,0.3419-0.4875,PGx allele: G (orientation: ALT)
rs1801131,MTHFR,A1298C,decreased function,1,11854476,T,G,G,ALT,SAS,489,0.417178,166,238,85,978,408,0.3867-0.4483,PGx allele: G (orientation: ALT)
rs1801131,MTHFR,A1298C,decreased function,1,11854476,T,G,G,ALT,SAS_EXCL_BEB,403,0.418114,137,195,71,806,337,0.3845-0.4525,PGx allele: G (orientation: ALT)
rs1801131,MTHFR,A1298C,decreased function,1,11854476,T,G,G,ALT,EUR,503,0.313121,239,213,51,1006,315,0.2852-0.3424,PGx allele: G (orientation: ALT)
rs1801131,MTHFR,A1298C,decreased function,1,11854476,T,G,G,ALT,EAS,504,0.219246,302,183,19,1008,221,0.1948-0.2458,PGx allele: G (orientation: ALT)
rs1801131,MTHFR,A1298C,decreased function,1,11854476,T,G,G,ALT,AFR,661,0.151286,478,166,17,1322,200,0.1330-0.1716,PGx allele: G (orientation: ALT)
rs1801131,MTHFR,A1298C,decreased function,1,11854476,T,G,G,ALT,AMR,347,0.151297,250,89,8,694,105,0.1266-0.1799,PGx allele: G (orientation: ALT)
rs1801133,MTHFR,C677T,decreased function,1,11856378,G,A,A,ALT,BEB,86,0.122093,65,21,0,172,21,0.0813-0.1794,PGx allele: A (orientation: ALT)
rs1801133,MTHFR,C677T,decreased function,1,11856378,G,A,A,ALT,SAS,489,0.118609,377,108,4,978,116,0.0998-0.1404,PGx allele: A (orientation: ALT)
rs1801133,MTHFR,C677T,decreased function,1,11856378,G,A,A,ALT,SAS_EXCL_BEB,403,0.117866,312,87,4,806,95,0.0974-0.1420,PGx allele: A (orientation: ALT)
rs1801133,MTHFR,C677T,decreased function,1,11856378,G,A,A,ALT,EUR,503,0.364811,204,231,68,1006,367,0.3356-0.3950,PGx allele: A (orientation: ALT)
rs1801133,MTHFR,C677T,decreased function,1,11856378,G,A,A,ALT,EAS,504,0.295635,259,192,53,1008,298,0.2683-0.3245,PGx allele: A (orientation: ALT)
rs1801133,MTHFR,C677T,decreased function,1,11856378,G,A,A,ALT,AFR,661,0.090015,549,105,7,1322,119,0.0758-0.1067,PGx allele: A (orientation: ALT)
rs1801133,MTHFR,C677T,decreased function,1,11856378,G,A,A,ALT,AMR,347,0.474063,91,183,73,694,329,0.4372-0.5113,PGx allele: A (orientation: ALT)
rs67376798,DPYD,c.2846A>T,decreased function,1,97547947,T,A,A,ALT,BEB,86,0.0,86,0,0,172,0,0.0000-0.0218,PGx allele: A (orientation: ALT)
rs67376798,DPYD,c.2846A>T,decreased function,1,97547947,T,A,A,ALT,SAS,489,0.001022,488,1,0,978,1,0.0002-0.0058,PGx allele: A (orientation: ALT)
rs67376798,DPYD,c.2846A>T,decreased function,1,97547947,T,A,A,ALT,SAS_EXCL_BEB,403,0.001241,402,1,0,806,1,0.0002-0.0070,PGx allele: A (orientation: ALT)
rs67376798,DPYD,c.2846A>T,decreased function,1,97547947,T,A,A,ALT,EUR,503,0.006958,496,7,0,1006,7,0.0034-0.0143,PGx allele: A (orientation: ALT)
rs67376798,DPYD,c.2846A>T,decreased function,1,97547947,T,A,A,ALT,EAS,504,0.0,504,0,0,1008,0,0.0000-0.0038,PGx allele: A (orientation: ALT)
rs67376798,DPYD,c.2846A>T,decreased function,1,97547947,T,A,A,ALT,AFR,661,0.000756,660,1,0,1322,1,0.0001-0.0043,PGx allele: A (orientation: ALT)
rs67376798,DPYD,c.2846A>T,decreased function,1,97547947,T,A,A,ALT,AMR,347,0.002882,345,2,0,694,2,0.0008-0.0104,PGx allele: A (orientation: ALT)
rs3918290,DPYD,*2A,no function,1,97915614,C,T,T,ALT,BEB,86,0.0,86,0,0,172,0,0.0000-0.0218,PGx allele: T (orientation: ALT)
rs3918290,DPYD,*2A,no function,1,97915614,C,T,T,ALT,SAS,489,0.00818,482,6,1,978,8,0.0042-0.0161,PGx allele: T (orientation: ALT)
rs3918290,DPYD,*2A,no function,1,97915614,C,T,T,ALT,SAS_EXCL_BEB,403,0.009926,396,6,1,806,8,0.0050-0.0195,PGx allele: T (orientation: ALT)
rs3918290,DPYD,*2A,no function,1,97915614,C,T,T,ALT,EUR,503,0.00497,498,5,0,1006,5,0.0021-0.0116,PGx allele: T (orientation: ALT)
rs3918290,DPYD,*2A,no function,1,97915614,C,T,T,ALT,EAS,504,0.0,504,0,0,1008,0,0.0000-0.0038,PGx allele: T (orientation: ALT)
rs3918290,DPYD,*2A,no function,1,97915614,C,T,T,ALT,AFR,661,0.000756,660,1,0,1322,1,0.0001-0.0043,PGx allele: T (orientation: ALT)
rs3918290,DPYD,*2A,no function,1,97915614,C,T,T,ALT,AMR,347,0.001441,346,1,0,694,1,0.0003-0.0081,PGx allele: T (orientation: ALT)
rs1801265,DPYD,C29R,decreased function,1,98348885,G,A,A,ALT,BEB,86,0.80814,2,29,55,172,139,0.7428-0.8600,PGx allele: A (orientation: ALT)
rs1801265,DPYD,C29R,decreased function,1,98348885,G,A,A,ALT,SAS,489,0.734151,28,204,257,978,718,0.7056-0.7609,PGx allele: A (orientation: ALT)
rs1801265,DPYD,C29R,decreased function,1,98348885,G,A,A,ALT,SAS_EXCL_BEB,403,0.718362,26,175,202,806,579,0.6863-0.7483,PGx allele: A (orientation: ALT)
rs1801265,DPYD,C29R,decreased function,1,98348885,G,A,A,ALT,EUR,503,0.785288,23,170,310,1006,790,0.7589-0.8096,PGx allele: A (orientation: ALT)
rs1801265,DPYD,C29R,decreased function,1,98348885,G,A,A,ALT,EAS,504,0.91369,5,77,422,1008,921,0.8947-0.9295,PGx allele: A (orientation: ALT)
rs1801265,DPYD,C29R,decreased function,1,98348885,G,A,A,ALT,AFR,661,0.558245,129,326,206,1322,738,0.5313-0.5848,PGx allele: A (orientation: ALT)
rs1801265,DPYD,C29R,decreased function,1,98348885,G,A,A,ALT,AMR,347,0.775216,17,122,208,694,538,0.7427-0.8047,PGx allele: A (orientation: ALT)
rs6025,F5,Leiden,thrombophilia,1,169519049,T,C,T,REF,BEB,86,0.017442,83,3,0,172,3,0.0059-0.0500,PGx allele: T (orientation: REF)
rs6025,F5,Leiden,thrombophilia,1,169519049,T,C,T,REF,SAS,489,0.011247,478,11,0,978,11,0.0063-0.0200,PGx allele: T (orientation: REF)
rs6025,F5,Leiden,thrombophilia,1,169519049,T,C,T,REF,SAS_EXCL_BEB,403,0.009926,395,8,0,806,8,0.0050-0.0195,PGx allele: T (orientation: REF)
rs6025,F5,Leiden,thrombophilia,1,169519049,T,C,T,REF,EUR,503,0.011928,492,10,1,1006,12,0.0068-0.0207,PGx allele: T (orientation: REF)
rs6025,F5,Leiden,thrombophilia,1,169519049,T,C,T,REF,EAS,504,0.0,504,0,0,1008,0,0.0000-0.0038,PGx allele: T (orientation: REF)
rs6025,F5,Leiden,thrombophilia,1,169519049,T,C,T,REF,AFR,661,0.0,661,0,0,1322,0,0.0000-0.0029,PGx allele: T (orientation: REF)
rs6025,F5,Leiden,thrombophilia,1,169519049,T,C,T,REF,AMR,347,0.010086,340,7,0,694,7,0.0049-0.0207,PGx allele: T (orientation: REF)
rs12248560,CYP2C19,*17,increased function,10,96521657,C,T,T,ALT,BEB,86,0.110465,67,19,0,172,19,0.0719-0.1661,PGx allele: T (orientation: ALT)
rs12248560,CYP2C19,*17,increased function,10,96521657,C,T,T,ALT,SAS,489,0.135992,368,109,12,978,133,0.1159-0.1589,PGx allele: T (orientation: ALT)
rs12248560,CYP2C19,*17,increased function,10,96521657,C,T,T,ALT,SAS_EXCL_BEB,403,0.141439,301,90,12,806,114,0.1191-0.1672,PGx allele: T (orientation: ALT)
rs12248560,CYP2C19,*17,increased function,10,96521657,C,T,T,ALT,EUR,503,0.223658,300,181,22,1006,225,0.1990-0.2504,PGx allele: T (orientation: ALT)
rs12248560,CYP2C19,*17,increased function,10,96521657,C,T,T,ALT,EAS,504,0.014881,489,15,0,1008,15,0.0090-0.0244,PGx allele: T (orientation: ALT)
rs12248560,CYP2C19,*17,increased function,10,96521657,C,T,T,ALT,AFR,661,0.23525,384,243,34,1322,311,0.2132-0.2589,PGx allele: T (orientation: ALT)
rs12248560,CYP2C19,*17,increased function,10,96521657,C,T,T,ALT,AMR,347,0.119597,270,71,6,694,83,0.0975-0.1459,PGx allele: T (orientation: ALT)
rs4986893,CYP2C19,*3,no function,10,96540410,G,A,A,ALT,BEB,86,0.023256,82,4,0,172,4,0.0091-0.0583,PGx allele: A (orientation: ALT)
rs4986893,CYP2C19,*3,no function,10,96540410,G,A,A,ALT,SAS,489,0.01227,477,12,0,978,12,0.0070-0.0213,PGx allele: A (orientation: ALT)
rs4986893,CYP2C19,*3,no function,10,96540410,G,A,A,ALT,SAS_EXCL_BEB,403,0.009926,395,8,0,806,8,0.0050-0.0195,PGx allele: A (orientation: ALT)
rs4986893,CYP2C19,*3,no function,10,96540410,G,A,A,ALT,EUR,503,0.0,503,0,0,1006,0,0.0000-0.0038,PGx allele: A (orientation: ALT)
rs4986893,CYP2C19,*3,no function,10,96540410,G,A,A,ALT,EAS,504,0.055556,449,54,1,1008,56,0.0430-0.0715,PGx allele: A (orientation: ALT)
rs4986893,CYP2C19,*3,no function,10,96540410,G,A,A,ALT,AFR,661,0.002269,658,3,0,1322,3,0.0008-0.0067,PGx allele: A (orientation: ALT)
rs4986893,CYP2C19,*3,no function,10,96540410,G,A,A,ALT,AMR,347,0.0,347,0,0,694,0,0.0000-0.0055,PGx allele: A (orientation: ALT)
rs4244285,CYP2C19,*2,no function,10,96541616,G,A,A,ALT,BEB,86,0.325581,40,36,10,172,56,0.2600-0.3988,PGx allele: A (orientation: ALT)
rs4244285,CYP2C19,*2,no function,10,96541616,G,A,A,ALT,SAS,489,0.357873,213,202,74,978,350,0.3284-0.3884,PGx allele: A (orientation: ALT)
rs4244285,CYP2C19,*2,no function,10,96541616,G,A,A,ALT,SAS_EXCL_BEB,403,0.364764,173,166,64,806,294,0.3322-0.3986,PGx allele: A (orientation: ALT)
rs4244285,CYP2C19,*2,no function,10,96541616,G,A,A,ALT,EUR,503,0.145129,363,134,6,1006,146,0.1247-0.1682,PGx allele: A (orientation: ALT)
rs4244285,CYP2C19,*2,no function,10,96541616,G,A,A,ALT,EAS,504,0.3125,227,239,38,1008,315,0.2846-0.3418,PGx allele: A (orientation: ALT)
rs4244285,CYP2C19,*2,no function,10,96541616,G,A,A,ALT,AFR,661,0.170197,459,179,23,1322,225,0.1509-0.1914,PGx allele: A (orientation: ALT)
rs4244285,CYP2C19,*2,no function,10,96541616,G,A,A,ALT,AMR,347,0.105187,277,67,3,694,73,0.0845-0.1302,PGx allele: A (orientation: ALT)
rs1799853,CYP2C9,*2,decreased function,10,96702047,C,T,T,ALT,BEB,86,0.017442,83,3,0,172,3,0.0059-0.0500,PGx allele: T (orientation: ALT)
rs1799853,CYP2C9,*2,decreased function,10,96702047,C,T,T,ALT,SAS,489,0.034765,456,32,1,978,34,0.0250-0.0482,PGx allele: T (orientation: ALT)
rs1799853,CYP2C9,*2,decreased function,10,96702047,C,T,T,ALT,SAS_EXCL_BEB,403,0.038462,373,29,1,806,31,0.0272-0.0541,PGx allele: T (orientation: ALT)
rs1799853,CYP2C9,*2,decreased function,10,96702047,C,T,T,ALT,EUR,503,0.124254,389,103,11,1006,125,0.1053-0.1461,PGx allele: T (orientation: ALT)
rs1799853,CYP2C9,*2,decreased function,10,96702047,C,T,T,ALT,EAS,504,0.000992,503,1,0,1008,1,0.0002-0.0056,PGx allele: T (orientation: ALT)
rs1799853,CYP2C9,*2,decreased function,10,96702047,C,T,T,ALT,AFR,661,0.008321,650,11,0,1322,11,0.0047-0.0148,PGx allele: T (orientation: ALT)
rs1799853,CYP2C9,*2,decreased function,10,96702047,C,T,T,ALT,AMR,347,0.099424,280,65,2,694,69,0.0793-0.1239,PGx allele: T (orientation: ALT)
rs1057910,CYP2C9,*3,no function,10,96741053,A,C,C,ALT,BEB,86,0.116279,66,20,0,172,20,0.0765-0.1728,PGx allele: C (orientation: ALT)
rs1057910,CYP2C9,*3,no function,10,96741053,A,C,C,ALT,SAS,489,0.109407,385,101,3,978,107,0.0914-0.1305,PGx allele: C (orientation: ALT)
rs1057910,CYP2C9,*3,no function,10,96741053,A,C,C,ALT,SAS_EXCL_BEB,403,0.10794,319,81,3,806,87,0.0883-0.1313,PGx allele: C (orientation: ALT)
rs1057910,CYP2C9,*3,no function,10,96741053,A,C,C,ALT,EUR,503,0.072565,431,71,1,1006,73,0.0581-0.0903,PGx allele: C (orientation: ALT)
rs1057910,CYP2C9,*3,no function,10,96741053,A,C,C,ALT,EAS,504,0.03373,471,32,1,1008,34,0.0242-0.0468,PGx allele: C (orientation: ALT)
rs1057910,CYP2C9,*3,no function,10,96741053,A,C,C,ALT,AFR,661,0.002269,658,3,0,1322,3,0.0008-0.0067,PGx allele: C (orientation: ALT)
rs1057910,CYP2C9,*3,no function,10,96741053,A,C,C,ALT,AMR,347,0.037464,321,26,0,694,26,0.0257-0.0543,PGx allele: C (orientation: ALT)
rs2306283,SLCO1B1,*1B,decreased function,12,21329738,A,G,G,ALT,BEB,86,0.563953,19,37,30,172,97,0.4892-0.6359,PGx allele: G (orientation: ALT)
rs2306283,SLCO1B1,*1B,decreased function,12,21329738,A,G,G,ALT,SAS,489,0.547035,109,225,155,978,535,0.5157-0.5780,PGx allele: G (orientation: ALT)
rs2306283,SLCO1B1,*1B,decreased function,12,21329738,A,G,G,ALT,SAS_EXCL_BEB,403,0.543424,90,188,125,806,438,0.5089-0.5775,PGx allele: G (orientation: ALT)
rs2306283,SLCO1B1,*1B,decreased function,12,21329738,A,G,G,ALT,EUR,503,0.402584,173,255,75,1006,405,0.3727-0.4332,PGx allele: G (orientation: ALT)
rs2306283,SLCO1B1,*1B,decreased function,12,21329738,A,G,G,ALT,EAS,504,0.761905,30,180,294,1008,768,0.7346-0.7872,PGx allele: G (orientation: ALT)
rs2306283,SLCO1B1,*1B,decreased function,12,21329738,A,G,G,ALT,AFR,661,0.8177,24,193,444,1322,1081,0.7960-0.8376,PGx allele: G (orientation: ALT)
rs2306283,SLCO1B1,*1B,decreased function,12,21329738,A,G,G,ALT,AMR,347,0.472622,102,162,83,694,328,0.4357-0.5098,PGx allele: G (orientation: ALT)
rs4149056,SLCO1B1,*5,decreased function,12,21331549,T,C,C,ALT,BEB,86,0.052326,77,9,0,172,9,0.0278-0.0964,PGx allele: C (orientation: ALT)
rs4149056,SLCO1B1,*5,decreased function,12,21331549,T,C,C,ALT,SAS,489,0.042945,449,38,2,978,42,0.0319-0.0575,PGx allele: C (orientation: ALT)
rs4149056,SLCO1B1,*5,decreased function,12,21331549,T,C,C,ALT,SAS_EXCL_BEB,403,0.040943,372,29,2,806,33,0.0293-0.0569,PGx allele: C (orientation: ALT)
rs4149056,SLCO1B1,*5,decreased function,12,21331549,T,C,C,ALT,EUR,503,0.161034,351,142,10,1006,162,0.1396-0.1850,PGx allele: C (orientation: ALT)
rs4149056,SLCO1B1,*5,decreased function,12,21331549,T,C,C,ALT,EAS,504,0.123016,390,104,10,1008,124,0.1042-0.1447,PGx allele: C (orientation: ALT)
rs4149056,SLCO1B1,*5,decreased function,12,21331549,T,C,C,ALT,AFR,661,0.013616,644,16,1,1322,18,0.0086-0.0214,PGx allele: C (orientation: ALT)
rs4149056,SLCO1B1,*5,decreased function,12,21331549,T,C,C,ALT,AMR,347,0.134006,260,81,6,694,93,0.1107-0.1614,PGx allele: C (orientation: ALT)
rs7294,VKORC1,2255C>T,sensitivity,16,31102321,C,T,T,ALT,BEB,86,0.784884,4,29,53,172,135,0.7176-0.8397,PGx allele: T (orientation: ALT)
rs7294,VKORC1,2255C>T,sensitivity,16,31102321,C,T,T,ALT,SAS,489,0.758691,30,176,283,978,742,0.7309-0.7845,PGx allele: T (orientation: ALT)
rs7294,VKORC1,2255C>T,sensitivity,16,31102321,C,T,T,ALT,SAS_EXCL_BEB,403,0.753102,26,147,230,806,607,0.7222-0.7816,PGx allele: T (orientation: ALT)
rs7294,VKORC1,2255C>T,sensitivity,16,31102321,C,T,T,ALT,EUR,503,0.365805,203,232,68,1006,368,0.3366-0.3960,PGx allele: T (orientation: ALT)
rs7294,VKORC1,2255C>T,sensitivity,16,31102321,C,T,T,ALT,EAS,504,0.112103,400,95,9,1008,113,0.0941-0.1331,PGx allele: T (orientation: ALT)
rs7294,VKORC1,2255C>T,sensitivity,16,31102321,C,T,T,ALT,AFR,661,0.453858,193,336,132,1322,600,0.4272-0.4808,PGx allele: T (orientation: ALT)
rs7294,VKORC1,2255C>T,sensitivity,16,31102321,C,T,T,ALT,AMR,347,0.402017,130,155,62,694,279,0.3662-0.4389,PGx allele: T (orientation: ALT)
rs9934438,VKORC1,1542G>C,sensitivity,16,31104878,G,A,A,ALT,BEB,86,0.156977,60,25,1,172,27,0.1102-0.2188,PGx allele: A (orientation: ALT)
rs9934438,VKORC1,1542G>C,sensitivity,16,31104878,G,A,A,ALT,SAS,489,0.145194,359,118,12,978,142,0.1245-0.1687,PGx allele: A (orientation: ALT)
rs9934438,VKORC1,1542G>C,sensitivity,16,31104878,G,A,A,ALT,SAS_EXCL_BEB,403,0.14268,299,93,11,806,115,0.1202-0.1685,PGx allele: A (orientation: ALT)
rs9934438,VKORC1,1542G>C,sensitivity,16,31104878,G,A,A,ALT,EUR,503,0.387674,192,232,79,1006,390,0.3580-0.4182,PGx allele: A (orientation: ALT)
rs9934438,VKORC1,1542G>C,sensitivity,16,31104878,G,A,A,ALT,EAS,504,0.884921,9,98,397,1008,892,0.8637-0.9032,PGx allele: A (orientation: ALT)
rs9934438,VKORC1,1542G>C,sensitivity,16,31104878,G,A,A,ALT,AFR,661,0.054463,592,66,3,1322,72,0.0435-0.0680,PGx allele: A (orientation: ALT)
rs9934438,VKORC1,1542G>C,sensitivity,16,31104878,G,A,A,ALT,AMR,347,0.412104,122,164,61,694,286,0.3761-0.4491,PGx allele: A (orientation: ALT)
rs9923231,VKORC1,-1639G>A,sensitivity,16,31107689,C,T,T,ALT,BEB,86,0.156977,60,25,1,172,27,0.1102-0.2188,PGx allele: T (orientation: ALT)
rs9923231,VKORC1,-1639G>A,sensitivity,16,31107689,C,T,T,ALT,SAS,489,0.145194,359,118,12,978,142,0.1245-0.1687,PGx allele: T (orientation: ALT)
rs9923231,VKORC1,-1639G>A,sensitivity,16,31107689,C,T,T,ALT,SAS_EXCL_BEB,403,0.14268,299,93,11,806,115,0.1202-0.1685,PGx allele: T (orientation: ALT)
rs9923231,VKORC1,-1639G>A,sensitivity,16,31107689,C,T,T,ALT,EUR,503,0.387674,192,232,79,1006,390,0.3580-0.4182,PGx allele: T (orientation: ALT)
rs9923231,VKORC1,-1639G>A,sensitivity,16,31107689,C,T,T,ALT,EAS,504,0.884921,9,98,397,1008,892,0.8637-0.9032,PGx allele: T (orientation: ALT)
rs9923231,VKORC1,-1639G>A,sensitivity,16,31107689,C,T,T,ALT,AFR,661,0.054463,592,66,3,1322,72,0.0435-0.0680,PGx allele: T (orientation: ALT)
rs9923231,VKORC1,-1639G>A,sensitivity,16,31107689,C,T,T,ALT,AMR,347,0.410663,122,165,60,694,285,0.3747-0.4477,PGx allele: T (orientation: ALT)
rs2108622,CYP4F2,*3,decreased function,19,15990431,C,T,T,ALT,BEB,86,0.412791,29,43,14,172,71,0.3419-0.4875,PGx allele: T (orientation: ALT)
rs2108622,CYP4F2,*3,decreased function,19,15990431,C,T,T,ALT,SAS,489,0.413088,174,226,89,978,404,0.3826-0.4442,PGx allele: T (orientation: ALT)
rs2108622,CYP4F2,*3,decreased function,19,15990431,C,T,T,ALT,SAS_EXCL_BEB,403,0.413151,145,183,75,806,333,0.3796-0.4475,PGx allele: T (orientation: ALT)
rs2108622,CYP4F2,*3,decreased function,19,15990431,C,T,T,ALT,EUR,503,0.290258,261,192,50,1006,292,0.2631-0.3191,PGx allele: T (orientation: ALT)
rs2108622,CYP4F2,*3,decreased function,19,15990431,C,T,T,ALT,EAS,504,0.214286,315,162,27,1008,216,0.1901-0.2407,PGx allele: T (orientation: ALT)
rs2108622,CYP4F2,*3,decreased function,19,15990431,C,T,T,ALT,AFR,661,0.082451,559,95,7,1322,109,0.0688-0.0985,PGx allele: T (orientation: ALT)
rs2108622,CYP4F2,*3,decreased function,19,15990431,C,T,T,ALT,AMR,347,0.237752,201,127,19,694,165,0.2076-0.2708,PGx allele: T (orientation: ALT)
rs3745274,CYP2B6,*6,decreased function,19,41512841,G,T,T,ALT,BEB,86,0.366279,35,39,12,172,63,0.2979-0.4405,PGx allele: T (orientation: ALT)
rs3745274,CYP2B6,*6,decreased function,19,41512841,G,T,T,ALT,SAS,489,0.381391,190,225,74,978,373,0.3515-0.4122,PGx allele: T (orientation: ALT)
rs3745274,CYP2B6,*6,decreased function,19,41512841,G,T,T,ALT,SAS_EXCL_BEB,403,0.384615,155,186,62,806,310,0.3517-0.4187,PGx allele: T (orientation: ALT)
rs3745274,CYP2B6,*6,decreased function,19,41512841,G,T,T,ALT,EUR,503,0.235586,295,179,29,1006,237,0.2104-0.2628,PGx allele: T (orientation: ALT)
rs3745274,CYP2B6,*6,decreased function,19,41512841,G,T,T,ALT,EAS,504,0.215278,313,165,26,1008,217,0.1910-0.2417,PGx allele: T (orientation: ALT)
rs3745274,CYP2B6,*6,decreased function,19,41512841,G,T,T,ALT,AFR,661,0.374433,259,309,93,1322,495,0.3487-0.4009,PGx allele: T (orientation: ALT)
rs3745274,CYP2B6,*6,decreased function,19,41512841,G,T,T,ALT,AMR,347,0.373199,142,151,54,694,259,0.3380-0.4098,PGx allele: T (orientation: ALT)
rs28399499,CYP2B6,*4,no function,19,41518221,T,C,C,ALT,BEB,86,0.0,86,0,0,172,0,0.0000-0.0218,PGx allele: C (orientation: ALT)
rs28399499,CYP2B6,*4,no function,19,41518221,T,C,C,ALT,SAS,489,0.0,489,0,0,978,0,0.0000-0.0039,PGx allele: C (orientation: ALT)
rs28399499,CYP2B6,*4,no function,19,41518221,T,C,C,ALT,SAS_EXCL_BEB,403,0.0,403,0,0,806,0,0.0000-0.0047,PGx allele: C (orientation: ALT)
rs28399499,CYP2B6,*4,no function,19,41518221,T,C,C,ALT,EUR,503,0.0,503,0,0,1006,0,0.0000-0.0038,PGx allele: C (orientation: ALT)
rs28399499,CYP2B6,*4,no function,19,41518221,T,C,C,ALT,EAS,504,0.0,504,0,0,1008,0,0.0000-0.0038,PGx allele: C (orientation: ALT)
rs28399499,CYP2B6,*4,no function,19,41518221,T,C,C,ALT,AFR,661,0.082451,560,93,8,1322,109,0.0688-0.0985,PGx allele: C (orientation: ALT)
rs28399499,CYP2B6,*4,no function,19,41518221,T,C,C,ALT,AMR,347,0.010086,340,7,0,694,7,0.0049-0.0207,PGx allele: C (orientation: ALT)
rs3892097,CYP2D6,*4,no function,22,42524947,C,T,T,ALT,BEB,86,0.122093,68,15,3,172,21,0.0813-0.1794,PGx allele: T (orientation: ALT)
rs3892097,CYP2D6,*4,no function,22,42524947,C,T,T,ALT,SAS,489,0.109407,394,83,12,978,107,0.0914-0.1305,PGx allele: T (orientation: ALT)
rs3892097,CYP2D6,*4,no function,22,42524947,C,T,T,ALT,SAS_EXCL_BEB,403,0.1067,326,68,9,806,86,0.0872-0.1299,PGx allele: T (orientation: ALT)
rs3892097,CYP2D6,*4,no function,22,42524947,C,T,T,ALT,EUR,503,0.185885,339,141,23,1006,187,0.1631-0.2111,PGx allele: T (orientation: ALT)
rs3892097,CYP2D6,*4,no function,22,42524947,C,T,T,ALT,EAS,504,0.001984,502,2,0,1008,2,0.0005-0.0072,PGx allele: T (orientation: ALT)
rs3892097,CYP2D6,*4,no function,22,42524947,C,T,T,ALT,AFR,661,0.060514,589,64,8,1322,80,0.0489-0.0747,PGx allele: T (orientation: ALT)
rs3892097,CYP2D6,*4,no function,22,42524947,C,T,T,ALT,AMR,347,0.129683,267,70,10,694,90,0.1067-0.1567,PGx allele: T (orientation: ALT)
rs1065852,CYP2D6,*10,decreased function,22,42526694,G,A,A,ALT,BEB,86,0.255814,51,26,9,172,44,0.1964-0.3259,PGx allele: A (orientation: ALT)
rs1065852,CYP2D6,*10,decreased function,22,42526694,G,A,A,ALT,SAS,489,0.164622,347,123,19,978,161,0.1427-0.1892,PGx allele: A (orientation: ALT)
rs1065852,CYP2D6,*10,decreased function,22,42526694,G,A,A,ALT,SAS_EXCL_BEB,403,0.145161,296,97,10,806,117,0.1225-0.1712,PGx allele: A (orientation: ALT)
rs1065852,CYP2D6,*10,decreased function,22,42526694,G,A,A,ALT,EUR,503,0.201789,325,153,25,1006,203,0.1781-0.2277,PGx allele: A (orientation: ALT)
rs1065852,CYP2D6,*10,decreased function,22,42526694,G,A,A,ALT,EAS,504,0.571429,107,218,179,1008,576,0.5407-0.6017,PGx allele: A (orientation: ALT)
rs1065852,CYP2D6,*10,decreased function,22,42526694,G,A,A,ALT,AFR,661,0.112708,529,115,17,1322,149,0.0968-0.1309,PGx allele: A (orientation: ALT)
rs1065852,CYP2D6,*10,decreased function,22,42526694,G,A,A,ALT,AMR,347,0.148415,259,73,15,694,103,0.1239-0.1768,PGx allele: A (orientation: ALT)
rs1142345,TPMT,*3C,no function,6,18130918,T,C,C,ALT,BEB,86,0.02907,81,5,0,172,5,0.0125-0.0662,PGx allele: C (orientation: ALT)
rs1142345,TPMT,*3C,no function,6,18130918,T,C,C,ALT,SAS,489,0.017382,472,17,0,978,17,0.0109-0.0277,PGx allele: C (orientation: ALT)
rs1142345,TPMT,*3C,no function,6,18130918,T,C,C,ALT,SAS_EXCL_BEB,403,0.014888,391,12,0,806,12,0.0085-0.0258,PGx allele: C (orientation: ALT)
rs1142345,TPMT,*3C,no function,6,18130918,T,C,C,ALT,EUR,503,0.028827,474,29,0,1006,29,0.0201-0.0411,PGx allele: C (orientation: ALT)
rs1142345,TPMT,*3C,no function,6,18130918,T,C,C,ALT,EAS,504,0.021825,482,22,0,1008,22,0.0145-0.0328,PGx allele: C (orientation: ALT)
rs1142345,TPMT,*3C,no function,6,18130918,T,C,C,ALT,AFR,661,0.066566,579,76,6,1322,88,0.0543-0.0813,PGx allele: C (orientation: ALT)
rs1142345,TPMT,*3C,no function,6,18130918,T,C,C,ALT,AMR,347,0.057637,309,36,2,694,40,0.0426-0.0775,PGx allele: C (orientation: ALT)
rs1800460,TPMT,*3A,no function,6,18139228,C,T,T,ALT,BEB,86,0.017442,83,3,0,172,3,0.0059-0.0500,PGx allele: T (orientation: ALT)
rs1800460,TPMT,*3A,no function,6,18139228,C,T,T,ALT,SAS,489,0.00409,485,4,0,978,4,0.0016-0.0105,PGx allele: T (orientation: ALT)
rs1800460,TPMT,*3A,no function,6,18139228,C,T,T,ALT,SAS_EXCL_BEB,403,0.001241,402,1,0,806,1,0.0002-0.0070,PGx allele: T (orientation: ALT)
rs1800460,TPMT,*3A,no function,6,18139228,C,T,T,ALT,EUR,503,0.027833,475,28,0,1006,28,0.0193-0.0399,PGx allele: T (orientation: ALT)
rs1800460,TPMT,*3A,no function,6,18139228,C,T,T,ALT,EAS,504,0.0,504,0,0,1008,0,0.0000-0.0038,PGx allele: T (orientation: ALT)
rs1800460,TPMT,*3A,no function,6,18139228,C,T,T,ALT,AFR,661,0.003026,657,4,0,1322,4,0.0012-0.0078,PGx allele: T (orientation: ALT)
rs1800460,TPMT,*3A,no function,6,18139228,C,T,T,ALT,AMR,347,0.040346,320,26,1,694,28,0.0281-0.0577,PGx allele: T (orientation: ALT)
rs1800462,TPMT,*2,no function,6,18143955,C,G,G,ALT,BEB,86,0.0,86,0,0,172,0,0.0000-0.0218,PGx allele: G (orientation: ALT)
rs1800462,TPMT,*2,no function,6,18143955,C,G,G,ALT,SAS,489,0.0,489,0,0,978,0,0.0000-0.0039,PGx allele: G (orientation: ALT)
rs1800462,TPMT,*2,no function,6,18143955,C,G,G,ALT,SAS_EXCL_BEB,403,0.0,403,0,0,806,0,0.0000-0.0047,PGx allele: G (orientation: ALT)
rs1800462,TPMT,*2,no function,6,18143955,C,G,G,ALT,EUR,503,0.005964,497,6,0,1006,6,0.0027-0.0130,PGx allele: G (orientation: ALT)
rs1800462,TPMT,*2,no function,6,18143955,C,G,G,ALT,EAS,504,0.0,504,0,0,1008,0,0.0000-0.0038,PGx allele: G (orientation: ALT)
rs1800462,TPMT,*2,no function,6,18143955,C,G,G,ALT,AFR,661,0.000756,660,1,0,1322,1,0.0001-0.0043,PGx allele: G (orientation: ALT)
rs1800462,TPMT,*2,no function,6,18143955,C,G,G,ALT,AMR,347,0.005764,343,4,0,694,4,0.0022-0.0147,PGx allele: G (orientation: ALT)
rs776746,CYP3A5,*3,no function,7,99270539,C,T,C,REF,BEB,86,0.633721,12,39,35,172,109,0.5595-0.7021,PGx allele: C (orientation: REF)
rs776746,CYP3A5,*3,no function,7,99270539,C,T,C,REF,SAS,489,0.667689,59,207,223,978,653,0.6376-0.6965,PGx allele: C (orientation: REF)
rs776746,CYP3A5,*3,no function,7,99270539,C,T,C,REF,SAS_EXCL_BEB,403,0.674938,47,168,188,806,544,0.6418-0.7064,PGx allele: C (orientation: REF)
rs776746,CYP3A5,*3,no function,7,99270539,C,T,C,REF,EUR,503,0.94334,2,53,448,1006,949,0.9273-0.9560,PGx allele: C (orientation: REF)
rs776746,CYP3A5,*3,no function,7,99270539,C,T,C,REF,EAS,504,0.713294,40,209,255,1008,719,0.6846-0.7404,PGx allele: C (orientation: REF)
rs776746,CYP3A5,*3,no function,7,99270539,C,T,C,REF,AFR,661,0.18003,447,190,24,1322,238,0.1603-0.2017,PGx allele: C (orientation: REF)
rs776746,CYP3A5,*3,no function,7,99270539,C,T,C,REF,AMR,347,0.79683,20,101,226,694,553,0.7653-0.8251,PGx allele: C (orientation: REF)
rs2242480,CYP3A4,*1G,decreased function,7,99361466,C,T,T,ALT,BEB,86,0.372093,36,36,14,172,64,0.3034-0.4464,PGx allele: T (orientation: ALT)
rs2242480,CYP3A4,*1G,decreased function,7,99361466,C,T,T,ALT,SAS,489,0.371166,199,217,73,978,363,0.3414-0.4019,PGx allele: T (orientation: ALT)
rs2242480,CYP3A4,*1G,decreased function,7,99361466,C,T,T,ALT,SAS_EXCL_BEB,403,0.370968,163,181,59,806,299,0.3383-0.4049,PGx allele: T (orientation: ALT)
rs2242480,CYP3A4,*1G,decreased function,7,99361466,C,T,T,ALT,EUR,503,0.081511,426,72,5,1006,82,0.0662-0.1001,PGx allele: T (orientation: ALT)
rs2242480,CYP3A4,*1G,decreased function,7,99361466,C,T,T,ALT,EAS,504,0.267857,269,200,35,1008,270,0.2414-0.2960,PGx allele: T (orientation: ALT)
rs2242480,CYP3A4,*1G,decreased function,7,99361466,C,T,T,ALT,AFR,661,0.850227,16,166,479,1322,1124,0.8300-0.8684,PGx allele: T (orientation: ALT)
rs2242480,CYP3A4,*1G,decreased function,7,99361466,C,T,T,ALT,AMR,347,0.393372,137,147,63,694,273,0.3577-0.4302,PGx allele: T (orientation: ALT)
rs35599367,CYP3A4,*22,decreased function,7,99366316,G,A,A,ALT,BEB,86,0.0,86,0,0,172,0,0.0000-0.0218,PGx allele: A (orientation: ALT)
rs35599367,CYP3A4,*22,decreased function,7,99366316,G,A,A,ALT,SAS,489,0.006135,483,6,0,978,6,0.0028-0.0133,PGx allele: A (orientation: ALT)
rs35599367,CYP3A4,*22,decreased function,7,99366316,G,A,A,ALT,SAS_EXCL_BEB,403,0.007444,397,6,0,806,6,0.0034-0.0161,PGx allele: A (orientation: ALT)
rs35599367,CYP3A4,*22,decreased function,7,99366316,G,A,A,ALT,EUR,503,0.049702,454,48,1,1006,50,0.0379-0.0649,PGx allele: A (orientation: ALT)
rs35599367,CYP3A4,*22,decreased function,7,99366316,G,A,A,ALT,EAS,504,0.0,504,0,0,1008,0,0.0000-0.0038,PGx allele: A (orientation: ALT)
rs35599367,CYP3A4,*22,decreased function,7,99366316,G,A,A,ALT,AFR,661,0.000756,660,1,0,1322,1,0.0001-0.0043,PGx allele: A (orientation: ALT)
rs35599367,CYP3A4,*22,decreased function,7,99366316,G,A,A,ALT,AMR,347,0.025937,329,18,0,694,18,0.0165-0.0406,PGx allele: A (orientation: ALT)
rs1050829,G6PD,Mediterranean,no function,X,153763492,T,C,C,ALT,BEB,86,0.0,86,0,0,130,0,0.0000-0.0287,PGx allele: C (orientation: ALT)
rs1050829,G6PD,Mediterranean,no function,X,153763492,T,C,C,ALT,SAS,489,0.0,489,0,0,718,0,0.0000-0.0053,PGx allele: C (orientation: ALT)
rs1050829,G6PD,Mediterranean,no function,X,153763492,T,C,C,ALT,SAS_EXCL_BEB,403,0.0,403,0,0,588,0,0.0000-0.0065,PGx allele: C (orientation: ALT)
rs1050829,G6PD,Mediterranean,no function,X,153763492,T,C,C,ALT,EUR,503,0.003916,500,2,1,766,3,0.0013-0.0115,PGx allele: C (orientation: ALT)
rs1050829,G6PD,Mediterranean,no function,X,153763492,T,C,C,ALT,EAS,504,0.0,504,0,0,764,0,0.0000-0.0050,PGx allele: C (orientation: ALT)
rs1050829,G6PD,Mediterranean,no function,X,153763492,T,C,C,ALT,AFR,661,0.337986,362,155,144,1003,339,0.3094-0.3678,PGx allele: C (orientation: ALT)
rs1050829,G6PD,Mediterranean,no function,X,153763492,T,C,C,ALT,AMR,347,0.028626,332,12,3,524,15,0.0174-0.0467,PGx allele: C (orientation: ALT)
rs1050828,G6PD,A-,decreased function,X,153764217,C,T,T,ALT,BEB,86,0.0,86,0,0,130,0,0.0000-0.0287,PGx allele: T (orientation: ALT)
rs1050828,G6PD,A-,decreased function,X,153764217,C,T,T,ALT,SAS,489,0.0,489,0,0,718,0,0.0000-0.0053,PGx allele: T (orientation: ALT)
rs1050828,G6PD,A-,decreased function,X,153764217,C,T,T,ALT,SAS_EXCL_BEB,403,0.0,403,0,0,588,0,0.0000-0.0065,PGx allele: T (orientation: ALT)
rs1050828,G6PD,A-,decreased function,X,153764217,C,T,T,ALT,EUR,503,0.0,503,0,0,766,0,0.0000-0.0050,PGx allele: T (orientation: ALT)
rs1050828,G6PD,A-,decreased function,X,153764217,C,T,T,ALT,EAS,504,0.0,504,0,0,764,0,0.0000-0.0050,PGx allele: T (orientation: ALT)
rs1050828,G6PD,A-,decreased function,X,153764217,C,T,T,ALT,AFR,661,0.134596,534,78,49,1003,135,0.1149-0.1571,PGx allele: T (orientation: ALT)
rs1050828,G6PD,A-,decreased function,X,153764217,C,T,T,ALT,AMR,347,0.013359,340,6,1,524,7,0.0065-0.0273,PGx allele: T (orientation: ALT)
